<effects>

	<effect id="redLaser" frameTime="88" offsetX="0" offsetY="0">		
		<frame x="3" y="26"/>
		<frame x="4" y="26"/>
		<frame x="5" y="26"/>
		<frame x="6" y="26"/>
		<frame x="5" y="26"/>
		<frame x="6" y="26"/>
		<frame x="5" y="26"/>
		<frame x="6" y="26"/>
		<frame x="5" y="26"/>
		<frame x="6" y="26"/>
		<frame x="5" y="26"/>
		<frame x="6" y="26"/>
		<frame x="3" y="26"/>
	</effect>

	<effect id="shotImpact" frameTime="67" offsetX="0" offsetY="-4">
		<frame x="15" y="2"/>
		<frame x="16" y="2"/>
		<frame x="17" y="2"/>
		<frame x="18" y="2"/>
		<frame x="19" y="2"/>
		<frame x="20" y="2"/>
	</effect>

	<effect id="laserImpact" frameTime="67" offsetX="0" offsetY="0">
		<frame x="3" y="27"/>
		<frame x="4" y="27"/>
		<frame x="5" y="27"/>
		<frame x="6" y="27"/>
		<frame x="7" y="27"/>
		<frame x="8" y="27"/>
	</effect>

	<effect id="playerAttack" frameTime="88" offsetX="0" offsetY="0">		
		<frame x="15" y="3"/>
		<frame x="16" y="3"/>
		<frame x="17" y="3"/>
		<frame x="18" y="3"/>
		<frame x="19" y="3"/>
		<frame x="20" y="3"/>
	</effect>

	<effect id="jumpStart" frameTime="67" offsetX="0" offsetY="2">		
		<frame x="15" y="4"/>
		<frame x="16" y="4"/>
		<frame x="17" y="4"/>
		<frame x="18" y="4"/>
		<frame x="19" y="4"/>
		<frame x="20" y="4"/>
	</effect>
	
	<effect id="jumpLand" frameTime="67" offsetX="0" offsetY="2">		
		<frame x="15" y="5"/>
		<frame x="16" y="5"/>
		<frame x="17" y="5"/>		
	</effect>

	<effect id="healing" frameTime="88" offsetX="0" offsetY="-14">		
		<frame x="15" y="6"/>
		<frame x="16" y="6"/>
		<frame x="15" y="6"/>
		<frame x="16" y="6"/>
		<frame x="15" y="6"/>
		<frame x="16" y="6"/>
	</effect>

</effects>